team,nationality
 ,848
#ULTRATRAILRUNNER,1
091081,1
1. FC UNION BERLIN E.V.,1
100 MARATHON CLUB,1
100% TRAIL ANGERS,2
100KM.RU,1
17 Groupe d'artillerie,1
2AS CLUB D'ATHLETISME BELLEU,1
2NDSKIN ASIA,1
42 KM,1
4X TEAM/GORDO,1
7 WINDS,1
7RAID,1
7SIG TRC,1
A TO TRAPO,3
A.D. MOAL,2
A.D. MONTANA PEGASO,1
A.D. SATORRA,1
A.D.AMARANTE TRAIL RUNNING / APT,1
A.D.GRUPO MONTANA PEGASO,1
A.D.MOAL,1
A.S.D ATINA TRAIL RUNNING,1
A.S.D. COURMAYEUR TRAILERS,1
A.S.D. PODISTICA VALLE VARAITA,1
A.S.D. VERONA TRAIL RUNNERS,2
A2A|DEMENCIAL|ROUTE,1
AAEE EPERNON,1
AASM,1
ABOVE2000,1
ABOVE2000.COM,1
AC DRAVEIL,1
AC WAMBRECHIES,1
ACE BOMBERS BARCELONA,1
ACIGNE JOGGING,1
ACVA,1
ACVS,1
AD GRUPO MONTANA PEGASO,1
ADELAIDE HARRIERS,1
ADN PONTA DO SOL,1
ADS LES ARCS,1
ADVENTURE RUNNERS,1
ADVENTURE: GLOBE,1
AGERRA MENDI TALDEA,1
AGNETZ ATHETISME - OGR60,1
AGONES SFC,1
AHIRU CLUB,1
AIA VITALITY,1
AICS,1
AIIIIIIIADELANTE TEAM,1
AIX ATHLE PROVENCE,4
AJ AUXERRE MARATHON,1
AKABEKO / OHTA RUNNING TEAM,1
ALD-CHARITY,1
ALIOR RUNNING TEAM,1
ALL BLACKS SHIZUOKA,1
ALPENRUNNERS,1
ALPINO BENALMADENA,1
ALPINO BENALMADENA IRONTRIATH,3
ALPINO DE BENALMADENA AIRONTRIATH,1
ALPINO TABIRA,1
ALPV,1
ALQUIMISTAS,1
ALQUIMISTAS RUNNING TEAM,1
"ALTERIA CO., LTD.",1
AMATORI SPORT SERRAVALLE SESIA,1
AMICI DELLO SPORT BRIOSCO,1
AMIGOS DO PEDAL TRAIL DE LAGARES,1
AML SPORT HG - MERIDIANO 0,1
AMSL FREJUS,1
AMSLF OXUBII,1
ANIMAL TEMUCO,1
ANSTER HADDIES,1
ANYERA CEUTA,1
APD PIETRO MICCA,1
APT / RUNBABYRUN,1
APUKO IGOERA,1
AR TRAIL TEAM,1
ARAIKANI,1
ARISTA,1
ARKA GDYNIA,1
ARSL ROCHE,1
ART NORMANDIE,1
AS AGNETZ OGR60,1
AS CALUIRE,1
AS CEA GR,1
ASA DU BERRY,1
ASC EUROCLEAR,1
ASCEA,1
ASD AVIS FOIANO,1
ASD AVIS STIAVA (UISP),1
ASD DRAGONERO,1
ASD OLIMPICAORLE,1
ASD PODISTICA PERALTO GENOVA,1
ASD SILVANO FEDI,1
ASD TRAILLAB,1
ASD VERONA TRAIL RUNNERS,1
ASFAS TRI,1
ASICS,1
ASICS FrontRunner UK,1
ASICS- CDSOHAILLASENDA,1
ASOCIATIA AIUD SPORT,1
ASODENA,1
ASPH 34,1
ASPTT COMPIEGNE,1
ASR TRAIL78 / Kikourou,1
ASRHV,2
ASS. ESP. INTEMPERIE,1
ASS. EXC. CORNUDELLA DE MONTSANT,1
ASVEL ATHLE,1
ASVEL TRIATHLON,1
AT YOUR PACE TRAIL TEAM,1
ATHLE VOSGES,1
ATLETICRUN,1
ATLETISME SAGUNT,1
AUBAGNE TRIATHLON,1
AVLO,1
AVOC,1
AVPR,1
AXA SPORTS ET LOISIRS,1
AYDOS537,1
Andes2Alpes - Merrell/Motorola,1
Asics,1
Ayr Seafoth AAC,1
B-CAT HIGH ALTITUDE TRAIL RUNNING,1
BAG AND BAG,1
BANDA DEI MALANDRINI ASD,1
BARBEITOS TEAM,1
"BATS,KTC",1
BB RUNNERS,1
BDG EXPLORER,1
BEAT YOUR LIMIT!,1
BEKO RUNNING TEAM,1
BELFAST ASSOCIATION OF ROCKCLIMBERS &amp; FELLRUNNERS,1
BERNOSPORT.SK,1
BFAGENCJA.PL,1
BFC,1
BGSA,1
BICHOS RUNNERS,1
BIGOREX TEAM,1
BIN/ENJAMBÉE,1
BNA,1
BOL D'AIRBUS,1
BORD'S TRAILERS,1
BRACTWO BIEGACZY ZIELONA GORA,2
BRATS,1
BRIGADA DE RESCATE ANDINO DEL MAULE,1
BRISTOL &amp; WEST AC,1
BRUNO BRUNOD RACING TEAM,2
BRUSSELSBLUEMOONH3,1
BTR PROTEAM,1
BUDDY BLACK,1
BUFF PRO TEAM,1
C.A. DIANIUM TURURAC,2
C.A. MARATHON CREVILLENT,1
C.D. UMAX TRAIL,1
CA BRIOUDE,1
CA DENTS DU MIDI,3
CA DIANIUM-TURURAC SPORT,1
CA PICTAVE,1
CA PLAINE DES CAFRES,1
CAES D'AVENIDA,1
CAES D´AVENIDA,1
CAFES TOSCAF G.M.E.A.,1
CAHORS TRAIL,1
CAI CITTADELLA,1
CAP BOLLENE,1
CAP D'AIL MACADAM,1
CAP ENDURANCE,2
CAP SANOFI VRAC,1
CASO AIRBUS,1
CCA ROUFFACH,1
CD ARISTA,1
CDA PALACIEGO,2
CEMAC TOLUCA,1
CENTRE DEUX ROUES,1
CENTRE EXCURSIONISTA DEL PENEDES,1
CENTRE EXTA. CALLUS,1
CENTRO EXCURSIONISTA DE BIAR,1
CEP,1
CER,1
CERRAJERIA JUANCHU TEAM -REND&amp;PREV;,1
CERREDO 643,2
CEVENNES TRAIL CLUB,1
CEVENRAID,1
CH'TRAILER TEAM 62,1
CHARI RUN YA,1
CHESTER TRI CLUB,1
CICLO CLUB QUOTA MILLE,1
CICLO CLUB QUOTA MILLE CORTONA,1
CIMAVILLA RUNNING TEAM,2
CIUCAS X3,1
CLCS FIRMINY,1
CLIPS - PPU,1
CLUB 26 ALLAN,1
CLUB ALPI PALAMOS,1
CLUB ALPINO MADRILENO,1
CLUB CICLISTA GUERRER DE MOIXENT,2
CLUB DE MONTANA Y ESCALADA LOS MACHACAPIEDRAS,1
CLUB DE TRAIL ERABLIERE AU BOISE DU LAC,1
CLUB MAD,1
CLUB MANIKOU,1
CLUB MONTANA DE CHICLANA,1
CLUB SA MILANA - ALARO,1
CLUB SPORTIF IBM NICE SOPHIA,1
CLUB TRAIL ALBACETE,1
CLUB VASCO DE CAMPING,1
CLUBE ANACOM,1
CLUBE ATLETISMO FAFE,1
CLUBE DE MONTANHA DO FUNCHAL,2
CLUBE SOSI,1
CMBM,1
CMCAS,1
CMG SPORTS CLUB,1
CMOF,1
COACH SPORT SANTE,1
COACHOLI,1
COFFEE XIAOLEHUI,1
COLLA EL PAROTET,2
COLUMBIA,5
COMANDO CAVALLS,2
COMANDO GUADARRAMA,1
COMPRESSPORT,1
COMPRESSPORT INTERNATIONAL,1
CORCY ENDURANCE,1
CORRE CORRE ALMERIA,1
CORREMON TRAIL,3
CORSICA RUN X TREM,1
CORSICA RUN XTREM,1
COTEN'TRAIL,2
COTENTRAIL,2
COURIR LE MONDE,1
COURIR PAYS DE GRASSE,1
COYOTES TENERIFE TRAIL,1
CREWSTACH,4
CROSSCALL,1
CSM RUPICAPRA / Beck et al. Services,1
CUF,1
CXM VALENCIA,1
"CYARIRUN-YA,RUNDEZ-VOUS",1
CZ&amp;SK-INOV8; TEAM,1
Chemios&amp;Co;,1
DALIAN 100K,1
DANIEL SIMBRON,1
DANIEL SIMBRON RUNNING TEAM,2
DARK PEAK FELL RUNNERS,1
DECINES MEYZIEU ATHLETISME,1
DJK SCHW. GMUND,1
DO NOT TIME FOR SMILING,1
DOA,2
DREAM SUB 3,1
DSA,1
DU SUZON A LA VAREZE,1
DURHAM FELL RUNNERS,1
EA MACON,1
EA VILLEFRANCHE,1
EBS SIEBIEGA CK,1
EFCC KONG FOK CHURCH,2
ENDURANCE,1
ENJAKA,1
ENPHORMA,1
EQUIPO KENIATA,1
ERLAITZ M.E.,1
ERRANCE REIMS EUROPE CLUB,1
ES FALAISE ATHLETISME,1
ES LIVAROT RUNNING,1
ES PUIG,3
ESCUELA RUNNING CEM,1
ESK VALLEY FELL CLUB,1
ESKILSTUNA TRAILKLUBB,1
ESPARTANOS,1
ESPRIT TRAIL ANJOU,1
ESPUNA TRAIL,1
ESR,2
ESTY,1
EXITO GIPFELSTURMER,1
EZK TEAM BRAZIL,1
Engine Bird,2
FAC,1
FAITHWALKERS,5
FAKU CHIEFS,1
FALCOTRAIL CEHEGIN,3
FANCH RIDER TRAIL,1
FETERNES,1
FGT-TEAM,1
FH OO SPORTS TEAM,1
FIFE ATHLETICS CLUB,1
FIT &amp; FUN GYM,1
FLOGA,1
FLYING BOOSTY,3
FONDATION POUR LES MALADIES RARES,1
FOOTING CLUB,1
FORMA-TRAIL,1
FOULEES DE SAINT GERMAIN,1
FRECCE GIALLE MALCANTONE,1
FREEADVENTURE,1
FREIBICHL TRAIL,1
FUN ADVENTURE TRAILRUN TEAM,1
GAILURRERANTZ,1
GAM,1
GAMTE,1
GAP HAUTES ALPES ATHLETISME,1
GEMEINSAM ZUM ERFOLG!,1
GET FIT,1
GIRONBIKES CANTINA ZAPATA TEAM,1
GJC+S,1
GLASGOW TRIATHLON CLUB,1
GLI ORSI A.S.D.,1
GLOBETRAILERS/RTT,1
GOLDWIN Inc.,1
GORE RUNNING WEAR,1
GRPCEIBS01,1
GRUP ESPORTIU ES VEDRA,1
GRUPO GREDOS,1
GRUPPO SPORTIVO MERCURYUS,1
GS ASTRA,1
GTT - ARMAZEM DO CAFFE,1
GUDO SK,1
GUIPAVAS OXYGENE,1
HANG HANG/TSBR,1
HAPPY RUNNING DIGOIN,1
HARPENDEN ARROWS,1
HEJA SPORT,1
HELM HILL RUNNERS,1
HERBALIFE,1
HERCOG RUNNING TEAM,1
HLAUPASAMTOK LYDVELDISINS,1
HOCKEY ALCALA,1
HOKA ONE ONE,1
HOKA ONE ONE/ COMPRESSPORT,1
HONG KONG TRAIL RUNNERS,1
HYOGO CANCER CENTER,1
Hoka,2
Huntsville Track Club,1
I MUSCOLI DEL LARIO,1
IF KVILLE,1
IMRA,1
INDEPENDIENTE,1
INOV-8,1
INSUBRIA SKY TEAM,2
INTERSPORT NUTRIFORMA,1
IRON ERFEL ULTRA TRAIL,1
ISB NU TEAM,2
ISB NU Team,1
ISKUR - RAIDLIGHT,1
ITRC,1
JAMBES DE BACCHUS,1
JAZZY POWER,1
JINAN WILD HORSE,1
JOGGERS DU COUESNON,2
"JUT, PSD Zeleznicar",1
JｰTREC,1
KAMIARI TRAILRUN CREW,1
KB BIAŁA BIEGA,1
KB OżAROW MAZOWIECKI BIEGA,2
KENDAL AAC,1
KESWICK AC,1
KESWICK AC/MOUNTAINFUEL,1
KIKOUROU,1
KINOMANA,1
KLAVERODS SKIDKLUBB,1
KLUB BIEGACZA KP,1
KNOCKMANY RUNNERS,1
KONDYCJA,1
KONG FOK CHURCH,1
KONGFU PANDA,1
KOPYTKO,1
KOSSMATE ŻUKI,1
KTM,1
KUMF,1
KW KRAKOW,1
KYOTO UNIV HOSPITAL,1
LA BRESSAUDE TRIATHLON,1
LA SPORTIVA,1
LA SPORTIVA NA,1
LA VARA TRAIL,1
LANDAU RUNNING COMPANY,1
LASPORTIVA CHINA CLUB,1
LAUF- UND TRIATHLONVEREIN GENTHIN,2
LAVAUR ATHLETISME,1
LC OLYMPIA WIESBADEN,1
LC RUNNING PUCHBERG,1
LCBO,1
LES BORDS TRAILERS,1
LES ETOILES DU 8EME,1
LES FOULEES SAUSSINOISES,1
LES MOLLETS PETILLANTS,1
LES PTITS MOTEURS,1
LES TRAILERS DU PIC SAINT LOUP,1
LES TRAILERS DU PIC ST LOUP,3
LES TRAILEURS DE LA POINTE,1
LES TROTTEURS,1
LES ZINZINS DES COTEAUX 31,1
LESZ NO LIMIT,1
LESZNO LIMITS,1
LEYRENNE AC/SPIRIDON LIMOUSIN/TEAM RAIDLIGHT/TEAM UT4M/TEAM MAYOTTE TRAIL/CRB974,1
LIBERAVVENTURA,1
LIFE FEVER,1
LIKE2RUN.DK / DUUL.DK,1
LINGFIELD RUNNING CLUB,1
LONESOME RUNNERS,3
LONSDALE FELL RUNNERS,1
LOS LOCOS DEL CERRO,1
LP500,1
LUDENS CLUBE MACHICO,1
LYON MOUNTAIN TRAIL,1
La Trailbu 74,1
Lofoten Ultraloperklubb // The Arctic Triple Team,1
M27,1
MADEIRA ULTRA RUNNERS/CAMADEIRA,1
MADERAS SANTANA,1
MAGNET,1
MAMMUT PRO TEAM,1
MARATHON MISILMERI,1
MARATON LESZNO,2
MARTIGNAT,1
MASTER NOVARA,1
MATES,2
MATILHA RUNNING,1
MAZDA AC,1
MBDA SPORT ATHLETISME,1
MCD,1
MENDIZALE TXURI-URDIN,1
MENRISCOTRAIL,1
MLMIXRUN-XP-TZAR,1
MOGU DUGO,2
MOK DONG,1
MONTANA,1
MONTANEROS DE ARAGON BARBASTRO,1
MONTECCHIO 2000,1
MONTS ET COLLINES TRAIL TEAM,2
MONTURA CZECH TEAM,1
MORIYA GANKA,1
MOUNTAIN TRAIL MAGNANO,1
MOUNTAIN-RACE.RU,1
MUD CREW TRAIL RUNNERS,1
MUD CREW ULTRA TEAM,1
MULTIRUNNERS,1
MURCIA CHALLENGE,1
MY-GALAXIES,1
MYNYDDWYR DE CYMRU,1
Macadam07 Champis,1
Mountaineering Club in Katowice,1
NAC &amp; KSTRC,1
NAKASU TRC,1
NANCHANG TRAIL RUNNING,1
NANCY TRAIL PULSATIONS,1
NATIVE VILLAGE,1
NATIVOS,1
NATURAL FITNESS LAB,1
NAVARRA,1
NCAA,1
NEW PHYSICAL CENTER 90,1
NEWCASTLE CROSS COUNTRY,1
NIGHT RUNNERS KATOWICE,1
NIKE,1
NIKE TRAIL,1
NINGBO TIANYI RUNNING CLUB,1
NOOSA ULTRA TRAIL RUNNERS (NUTR),1
NORTH NORFOLK BEACH RUNNERS,1
NORTHERN FELLS RUNNING CLUB,1
NORTHERN TRAIL RUNNERS,1
NORTHUMBERLAND FELL RUNNERS,1
NRG,7
NUS TRAIL RUNNING,2
NUTS - NORTHERN ULTRA TRAIL SERVICE,1
NUUN,1
New Balance,1
O.C.S/PROAVENTURAS,2
O.Y.KΡHTHS -ROUT AMBASSADOR,1
OC GIF,1
OCT 55,1
OHTA RUNNING CLUB,1
OLD BIRD,1
OLD BIRDS,1
OLPHYOUGO,1
OLYMPIQUE CLUB CESSONNAIS DE NATATION,1
OME TRAIL RUNNING CLUB,1
ORALKLASS - AMIGOS DO TRAIL,1
ORANGE POLSKA,3
ORIGIN CAMPERVANS,1
OS FINOS,1
OTC COMO,2
OVERSTIM'S ASIA,1
OXSITIS / ODLO,1
OXUBII / N.E.M TRAINING,1
OXYGEN3,1
OXYGENE,1
OXYGENE BELBEUF,1
OYAMA CLUB,1
P-WEG-TEAM,1
PAC MAC,1
PAC-MAC PLOUZANE (29),1
PAM MONDOVI,1
PAPELO,1
PARCO RUNNERS,1
PAULUZAK,1
PEDALA.CAT,2
PEDREZUELA,1
PEDREZUELA HAGLOFS,1
PEELRUNNERS HORST,1
PELICAN ROUGE  Coffee Roasters,1
PENA GUARA,1
PENYA RIBES,1
PICOS XTREME SPORT,1
PIERREVAL,1
PLOUGASTEL SPORT NATURE,1
PLUS ULTRA,1
PLYMOUTH COASTAL RUNNERS,1
POLISPORTIVA SAT ORSO,1
POMPIER DE MEAUX,1
POPOLO AC,1
POSITIVE ENERGY,1
PRO SAN PIETRO SANREMO,1
PROAVENTURAS,1
PROFEET,1
PSY GOŃCZE,1
PSZCZYNA BIEGA,1
PUPILOS TRAIL TEAM/MAGIC RUNNERS/ENTERPROM- BRINDES PROMOCIONAIS,1
PURETRAIL RUNNING,1
Paredes Aventura,2
Petzl,1
Philippine Association Of Ultrarunners,1
Pour les Yeux de Léonie,1
Pyllon STRATHAVEN STRIDERS,1
QINGMEI CLUB,1
QUAN^2,2
R&amp;F; - RUN &amp; FUN,1
RAACE,1
RACING CLUB D'ARRAS,1
RAID LIGHT TEAM,1
RAIDLIGHT,1
RATOWNIK GORNICZY NSP,1
RBC RUNNERS,1
RCDC COUBLANC,1
RED DEER RUNNERS,1
REDEG 29 INTERSPORT MORLAIX,1
RIMINI MARATHON,1
RISKA TRAIL RUNNERS,1
RO CLUB MARATON,1
ROCCOTEAM,1
ROCKY,2
RODOPI BEARS,1
ROODINHAS-SANTOS SILVA / OXYGEN-GYM &amp; FITNESS,1
RRC RUN CLUB,1
RRUN LYON - TRAILEURS DES MONTS D'OR,1
RTT 74,1
"RTT 74 "" Les Pas De Lilou """,1
RUGBY &amp; NORTHAMPTON AC,2
RUN ODYSSEA,1
RUN THE ALPS,1
RUN TKO,1
RUN YOUR HERO,1
RUNCERCLAT,1
RUNNER'S HIGH CLUB,2
RUNNERS BERGAMO-GAN,1
RUNNERS CLINIC,1
RUNNERS ROOST,1
RUNNERS VALBOSSA AZZATE - SOJO VASARO TRAIL TEAM,1
RUNNING CLUB ARPAJON,1
"RUNNING CLUB ARPAJON,TEAM UTPMA",1
RUNNING CONSEIL BEZIERS,1
RUNNING PLANET GENEVE,1
RWB,1
Run free - Run wild,1
S.M. CLUB DE CORRER LA RABOSA,1
S/L ATHLETIC CLUB ANGERIEN,1
S/L CO SAINT-DIZIER,1
S/L NOGENT SUR OISE ATHLETISME,1
SA MILANA,1
SAINT CHAMOND TRIATHLON,1
SAINT GELY ATHLETISME,1
SALAMANCA RAIDS&amp;TRAIL;,1
SALEVE TRAIL,2
SALOMON,2
SALOMON TURKEY,1
SALOMON-SUUNTO PHILIPPINES,1
SALTA BARTAS,2
SALTABALATES,1
SAMBA TRAIL RUNNING CLUB,3
SAMOENS TRAIL TEAM,1
SANS BORNES ST DIDIER SUR CHALARONNE,1
SAONE MONT D'OR NATURE,3
SC KARAMASOW,1
SCHIRRHANER,1
SCOTT,1
SCOTT SPORTS UK,1
SEGURARTIC-CATALANA OCC,1
SENTIERI DELLA COLLINA A.S.D,1
SEPA BELLEGARDE,1
SERPENTINE,2
SEZANNE ATHLE,1
SG HERICOURT,1
SG Héricourt,1
SHIGAUMARA,1
SIENARUNNERS,1
SISPORT,1
SJB INSTITUTE,2
SKINOUK,1
SKYRUNNER,1
SLEAFORD STRIDERS,1
SMAJDACI KONAROVICE,1
SO HOUILLES,1
SOC. EXC. MANUEL IRADIER,1
SPHENISCUS,1
SPIRITO TRAIL TEAM,1
SPOKANE DISTANCE PROJECT,1
SPORT E SPORTIVI,1
SPORT HG,1
SPUC LASTERKA,1
SRD 315 SJEVEROZAPAD,1
SRHF,1
ST NAZAIRE RAID EVASION,1
STADE FRANCAIS TRIATHLON,1
STAY INSANE/BANDA GRUDNIA,1
STEFANIKTRAIL.SK,1
STEP DOWN TO WIN,1
STGOMRCO,1
STONEHAVEN / GET ACTIVE RUNNING,1
STUREBY,1
SUMMANO COBRAS,4
SUMMIT,1
SUNDGO2,1
SUTRAIL,4
SUZHOU TRAIL RUNNING,1
SVALHOGENS IF,1
SWALEDALE RUNNERS,1
SWISS ULTRA TRAIL,1
Salomon,2
Stay Insane/Banda Grudnia,1
T-100,1
T-MOBILE RUNNING TEAM,1
TADLEY RUNNERS,1
TAISANBOKU CLUB,1
TAIWAN BEAST RUNNER,1
TAIWAN GOAT,1
TAKU SKRēJēJS / SIGULDA,1
TALUYERS,1
TEAM 100 MILE,1
TEAM 100 MILES,1
TEAM ADIDAS,1
TEAM ALTIPLANO,1
TEAM AP'HEROS,1
TEAM CCAP,1
TEAM CIMALP,1
TEAM COLUMBIA HONG KONG,1
TEAM CTR X EFCC KONG FOK CHURCH,1
TEAM DAVID,1
TEAM DOUDOUE,1
TEAM ENDURANCE 06,1
TEAM ENDURANCE SHOP,1
TEAM ENDURANCE SHOP13,1
TEAM FRAGILE,1
TEAM GARLIC,1
TEAM GARMIN ADVENTURE,1
TEAM GLOBE TRAILEURS,1
TEAM GRAND RAID DE BEAUVOISIN,1
TEAM HOKA,1
TEAM HOKA SUISSE / RIDE SPIRIT,1
TEAM IRON RACE,2
TEAM IRON RACE/CROSSCALL,2
TEAM MARGUAREIS A.S.D.,1
TEAM MOUFLARDS,1
TEAM MRB,1
TEAM MUD &amp; SNOW,1
TEAM MUD AND SNOW,1
TEAM NORDIC TRAIL,2
TEAM PARIS MARATHON,1
TEAM PARIS MARATHON AHIRU CLUB,2
TEAM PARISMARATHON AHIRU CLUB,1
TEAM PEGGIORI SCARPA-MICO,1
TEAM PROZIS TRAIL,1
TEAM RAIDLIGHT 44,1
TEAM RHUNERS,1
TEAM RHUNERS SARA KORRIKA,1
TEAM SALOMON ISOSTAD,1
TEAM SHIRASAGI,1
TEAM SICILIA,1
TEAM SOTA,1
TEAM TECNICA,1
TEAM TRACE DE TRAIL,1
TEAM TRAIL ANIMO,1
TEAM TRAIL COTE BLEUE,1
TEAM TRAIL JURA,1
TEAM TRAIL SINGLE TRACK,1
TEAM TSAIGU,1
TEAM VIBRAM,1
TEAM-100MILE,1
TEAM100MILE,2
TEAM★AKINOMICHI,1
TEJN IF / TEAM EXPLORING THE LIMITS,1
TERRE DE RUNNING ALBERTVILLE / LEMAN TRIATHLON CLUB,1
THARES,1
THE COJOS TEAM,1
THE NORTH FACE,4
THE NORTH FACE RUNNING TEAM ARGENTINA,1
THUMBS UP,1
THURGOVIA TRAILPUNX,1
TIERRA TRAGAME-COMANDO GUADARRAMA,1
TIGER TRAIL SIMBRUINI,1
TIKANMAA ORIGINAL TRAIL,1
TOMOTAI,1
TOP BARRACUDA TEAM,1
TORREBLANCA,1
TORTUGA ALGEMESI,1
TOWN TO TRAIL,1
TOWNHOUSE,1
TR'AILLEURS,1
TRAGAMILLAS,1
TRAIESC SANATOS,1
TRAIL FOR FUN HUY,1
TRAIL MONSTER RUNNING,1
TRAIL NEBRASKA,1
TRAIL RUNNING ASSOCIATION,1
TRAIL RUNNING GIRONA - CE BELLCAIRENC,1
TRAIL RUNNING SCHOOL,1
TRAIL SER LA SENIA,1
TRAIL SERRA VERNISSA,1
TRAIL VERNET AVENTURE,2
TRAILBEARD 4 BOA RUNNING TEAM,1
TRAILBLAZERS AUSTRALIA,1
TRAILBLAZERS SYDNEY,1
TRAILBROTHERS,1
TRAILRUNNERS AVANZA JAEN,3
TRAILRUNNING ALBULA,1
TRAILRUNNING IN THE PHILIPPINES,1
TRAILRUNNING TEAM MERRELL,1
TRAINING TRAIL TEAM,1
TREKKING TEAM 007,1
TRI TRAIL RUN,1
TRIATHLON AMA CIVITANOVA,1
TRIATHLON CLUB VEGGE RUNNERS,1
TRIATHLON PISA,1
TRIAX,1
TRIJASSA,1
TRIPPERS,1
TRIWAWA,1
TRSP LHERITIER,1
TRUPA LUI FANE,1
TRX CESIS,1
TSV HILDRIZHAUSEN,1
TT RACERS,1
TTK STRKA,1
TUASK,1
TURDETANIA TEAM,1
Team La Sportiva/ GoldNutrition/ CASA DO BENFICA EM ABRANTES,1
Team RUNAO,1
Team Running Conseil JURA,1
Team Sindeq,1
Tecnica Trailrunning Team,1
The North Face,1
The North Face / Buff,1
Trail Running Association of Queensland/Wild Runners,1
U.S. NAVE,1
UA VERSAILLES,1
UCCV,2
UCD ROOM 22 RUNNERS,1
ULTRA LLEIDA,1
ULTRA RUNNER SERBIA,1
ULTRA TRAIL DU GRAND MONTREAL,1
ULTRAS,2
UNDEREQUATOR,1
UNIO ATLETICA TERRASSA,1
UNIO EX. VIC - LLUNA PLENA,1
UPFITRAIL,1
UPNDOWN,1
US MARQUETTE,1
US PALAISEAU TRIATHLON,1
US PINDEMONTE,1
USAKAME,1
USC NOUVION SUR MEUSE,2
USCB,1
USTROń MOUNTAIN TEAM,1
UT4M,1
UTSPORTS,1
V.E.R.T,1
VAL DE REUIL,1
VALETUDO SKYRUNNING ITALIA,1
VALETUDO SKYRUNNING ITALIA RACER / TECNICA TEAM ITALIA,1
VALSUA RUNNING TEAM,1
VALSUSA RUNNING TEAM,1
VANCOUVER FALCONS ATHLETIC CLUB,1
VCE DORLISHEIM,1
VEGE RUNNERS,1
VENITI CU NOI ARAD,1
VENTO,1
VERONA TRAIL RUNNERS,2
VESOUL MARATHON,1
VHTRC,1
VIBRAM,1
VISCACHA,2
VITAFORM EVASION ST DIDIER,1
VIVA LA VIDA,1
VKV,1
VOORNE ATLETIEK,1
VYTAJOG,1
WAA,1
WAA TEAM,1
WALKERMIX,1
WARRINGTON RUNNING CLUB,1
WELLINGBOROUGH &amp; DISTRICT AC,1
WHERE IS THE LIMIT?,1
WRC PIRAT,1
WSV BAD TOLZ,1
WWW.IECO.PL,1
WWW.MARTINHOCHULI.COM,1
WWW.WOJTEKNADOLSKI.PL,1
XIONGGE SPORT,1
XV ATHLETIC CLUB,1
XVEME ATHLETIC CLUB,1
YOKO KIROLAK TRAIL TALDEA,2
YTRAC CLUB NATURE,2
ZETEAM,2
ZOITI RUNNERS,1
centre excta. agramunt,1
fartleck.com,1
menorca,1
team castor,1
ultramaratonpodkarpacki.pl,1
上海交大安泰户外跑者俱乐部,1
奔,1
ＴＢＲＣ,1
ＶＦＦ,1
